{"stats":{"minecraft:picked_up":{"born_in_chaos_v1:fused_bone":1,"minecraft:birch_log":2,"minecraft:stick":2,"born_in_chaos_v1:shattered_skull":1,"minecraft:porkchop":3,"minecraft:oak_log":17,"minecraft:dirt":19,"minecraft:bone":2,"minecraft:rotten_flesh":1,"minecraft:player_head":2,"minecraft:light_gray_wool":1,"minecraft:oak_sapling":4,"minecraft:mutton":6,"minecraft:sugar_cane":6,"minecraft:white_wool":3},"minecraft:crafted":{"minecraft:wooden_sword":1,"minecraft:oak_planks":20,"minecraft:crafting_table":1,"minecraft:stick":4},"minecraft:killed":{"minecraft:sheep":4,"minecraft:skeleton":1,"minecraft:zombie":1,"minecraft:pig":2,"minecraft:spider":1,"born_in_chaos_v1:siamese_skeletonsright":1,"born_in_chaos_v1:siamese_skeletonsleft":1},"minecraft:custom":{"minecraft:time_since_rest":6499,"minecraft:sprint_one_cm":72779,"minecraft:damage_taken":640,"minecraft:walk_one_cm":54609,"minecraft:mob_kills":11,"minecraft:damage_dealt":1647,"minecraft:swim_one_cm":20983,"minecraft:interact_with_crafting_table":1,"minecraft:fly_one_cm":63586,"minecraft:open_chest":2,"minecraft:crouch_one_cm":804,"minecraft:play_time":20905,"minecraft:deaths":2,"minecraft:sneak_time":668,"minecraft:walk_under_water_one_cm":3210,"minecraft:jump":342,"minecraft:leave_game":6,"minecraft:time_since_death":6465,"minecraft:walk_on_water_one_cm":4671,"minecraft:total_world_time":20905,"minecraft:fall_one_cm":8447},"minecraft:used":{"minecraft:bread":2,"minecraft:player_head":1,"minecraft:wooden_sword":49,"minecraft:crafting_table":1,"minecraft:oak_sapling":3},"minecraft:killed_by":{"minecraft:skeleton":1},"minecraft:mined":{"minecraft:grass":2,"minecraft:oak_log":12,"minecraft:dirt":1,"minecraft:sugar_cane":3,"minecraft:player_head":1,"minecraft:oak_leaves":1}},"DataVersion":3465}