{"stats":{"minecraft:picked_up":{"born_in_chaos_v1:fused_bone":1,"minecraft:birch_log":8,"minecraft:fishing_rod":1,"minecraft:crafting_table":1,"minecraft:feather":5,"minecraft:chicken":6,"minecraft:salmon":1,"minecraft:oak_log":59,"minecraft:dirt":72,"minecraft:raw_copper":47,"minecraft:bone":2,"minecraft:apple":1,"minecraft:player_head":2,"minecraft:light_gray_wool":1,"minecraft:sugar_cane":11,"minecraft:birch_sapling":1,"minecraft:egg":6,"minecraft:stick":5,"born_in_chaos_v1:shattered_skull":1,"minecraft:torch":1,"minecraft:porkchop":6,"minecraft:rotten_flesh":2,"minecraft:oak_sapling":19,"minecraft:black_wool":2,"minecraft:mutton":13,"minecraft:white_wool":6,"minecraft:cobblestone":238},"minecraft:crafted":{"minecraft:wooden_sword":1,"minecraft:oak_planks":88,"minecraft:stone_shovel":1,"minecraft:crafting_table":2,"minecraft:wooden_pickaxe":1,"minecraft:cooked_chicken":6,"minecraft:furnace":1,"minecraft:stone_axe":1,"minecraft:cooked_mutton":7,"minecraft:air":0,"minecraft:charcoal":22,"minecraft:stick":28,"minecraft:stone_pickaxe":2,"minecraft:chest":1,"minecraft:white_bed":1,"minecraft:torch":80},"minecraft:killed":{"minecraft:pig":5,"minecraft:salmon":4,"minecraft:spider":1,"born_in_chaos_v1:siamese_skeletonsright":1,"minecraft:sheep":9,"minecraft:skeleton":1,"minecraft:zombie":1,"minecraft:chicken":6,"minecraft:drowned":1,"born_in_chaos_v1:siamese_skeletonsleft":1},"minecraft:broken":{"minecraft:stone_pickaxe":1},"minecraft:custom":{"minecraft:interact_with_furnace":15,"minecraft:mob_kills":30,"minecraft:interact_with_crafting_table":16,"minecraft:leave_game":6,"minecraft:time_since_death":30465,"minecraft:sleep_in_bed":1,"minecraft:time_since_rest":13829,"minecraft:sprint_one_cm":101740,"minecraft:damage_taken":640,"minecraft:walk_one_cm":96343,"minecraft:damage_dealt":2906,"minecraft:swim_one_cm":26808,"minecraft:fly_one_cm":80715,"minecraft:open_chest":4,"minecraft:crouch_one_cm":11133,"minecraft:play_time":44905,"minecraft:deaths":2,"minecraft:sneak_time":7451,"minecraft:walk_under_water_one_cm":7034,"minecraft:jump":527,"minecraft:walk_on_water_one_cm":8758,"minecraft:total_world_time":44905,"minecraft:fall_one_cm":9877},"minecraft:used":{"minecraft:cooked_mutton":3,"minecraft:stone_shovel":27,"minecraft:stone_pickaxe":254,"minecraft:chest":1,"minecraft:wooden_pickaxe":15,"minecraft:player_head":1,"minecraft:torch":3,"minecraft:dirt":2,"minecraft:crafting_table":3,"minecraft:white_bed":1,"minecraft:bread":2,"minecraft:stone_axe":45,"minecraft:wooden_sword":95,"minecraft:cobblestone":10,"minecraft:oak_sapling":3,"minecraft:furnace":1},"minecraft:killed_by":{"minecraft:skeleton":1},"minecraft:mined":{"minecraft:torch":1,"minecraft:crafting_table":1,"minecraft:grass_block":8,"minecraft:copper_ore":13,"minecraft:cobblestone":2,"minecraft:sugar_cane":6,"minecraft:birch_log":6,"minecraft:grass":2,"minecraft:oak_log":54,"minecraft:dirt":46,"minecraft:stone":241,"minecraft:player_head":1,"minecraft:oak_leaves":11}},"DataVersion":3465}