{"stats":{"minecraft:picked_up":{"born_in_chaos_v1:fused_bone":1,"minecraft:birch_log":2,"minecraft:fishing_rod":1,"minecraft:crafting_table":1,"minecraft:stick":3,"minecraft:feather":5,"born_in_chaos_v1:shattered_skull":1,"minecraft:chicken":6,"minecraft:salmon":1,"minecraft:porkchop":6,"minecraft:oak_log":27,"minecraft:dirt":69,"minecraft:bone":2,"minecraft:rotten_flesh":2,"minecraft:player_head":2,"minecraft:black_wool":2,"minecraft:light_gray_wool":1,"minecraft:oak_sapling":9,"minecraft:mutton":13,"minecraft:sugar_cane":11,"minecraft:white_wool":6,"minecraft:cobblestone":92,"minecraft:egg":6},"minecraft:crafted":{"minecraft:wooden_sword":1,"minecraft:oak_planks":88,"minecraft:stone_shovel":1,"minecraft:crafting_table":2,"minecraft:stick":8,"minecraft:cooked_chicken":6,"minecraft:wooden_pickaxe":1,"minecraft:stone_pickaxe":1,"minecraft:chest":1,"minecraft:white_bed":1,"minecraft:furnace":1,"minecraft:air":0,"minecraft:cooked_mutton":7},"minecraft:killed":{"minecraft:sheep":9,"minecraft:skeleton":1,"minecraft:zombie":1,"minecraft:pig":5,"minecraft:chicken":6,"minecraft:salmon":4,"minecraft:drowned":1,"minecraft:spider":1,"born_in_chaos_v1:siamese_skeletonsright":1,"born_in_chaos_v1:siamese_skeletonsleft":1},"minecraft:custom":{"minecraft:time_since_rest":1829,"minecraft:sprint_one_cm":95926,"minecraft:damage_taken":640,"minecraft:walk_one_cm":86509,"minecraft:mob_kills":30,"minecraft:damage_dealt":2906,"minecraft:swim_one_cm":26808,"minecraft:interact_with_crafting_table":13,"minecraft:fly_one_cm":79365,"minecraft:open_chest":2,"minecraft:crouch_one_cm":6184,"minecraft:play_time":32905,"minecraft:deaths":2,"minecraft:sneak_time":3594,"minecraft:walk_under_water_one_cm":6988,"minecraft:jump":475,"minecraft:sleep_in_bed":1,"minecraft:leave_game":6,"minecraft:time_since_death":18465,"minecraft:walk_on_water_one_cm":6694,"minecraft:total_world_time":32905,"minecraft:fall_one_cm":9399,"minecraft:interact_with_furnace":13},"minecraft:used":{"minecraft:stone_shovel":24,"minecraft:stone_pickaxe":97,"minecraft:bread":2,"minecraft:chest":1,"minecraft:wooden_pickaxe":15,"minecraft:player_head":1,"minecraft:wooden_sword":95,"minecraft:dirt":2,"minecraft:crafting_table":3,"minecraft:furnace":1,"minecraft:oak_sapling":3,"minecraft:cooked_mutton":3,"minecraft:white_bed":1},"minecraft:killed_by":{"minecraft:skeleton":1},"minecraft:mined":{"minecraft:crafting_table":1,"minecraft:grass":2,"minecraft:grass_block":8,"minecraft:oak_log":22,"minecraft:dirt":43,"minecraft:stone":99,"minecraft:sugar_cane":6,"minecraft:player_head":1,"minecraft:oak_leaves":4}},"DataVersion":3465}