{"stats":{"minecraft:picked_up":{"born_in_chaos_v1:fused_bone":1,"minecraft:birch_log":8,"minecraft:fishing_rod":1,"minecraft:crafting_table":1,"minecraft:feather":5,"minecraft:chicken":6,"born_in_chaos_v1:seedof_chaos":1,"minecraft:chest_minecart":1,"minecraft:salmon":1,"minecraft:oak_log":59,"minecraft:amethyst_block":7,"minecraft:lapis_lazuli":33,"born_in_chaos_v1:black_argillite":8,"minecraft:dirt":94,"minecraft:raw_copper":47,"minecraft:bone":2,"minecraft:apple":1,"minecraft:cobbled_deepslate":64,"minecraft:raw_gold":38,"minecraft:iron_ingot":1,"minecraft:calcite":25,"minecraft:player_head":2,"minecraft:light_gray_wool":1,"minecraft:sugar_cane":11,"minecraft:birch_sapling":1,"minecraft:egg":6,"minecraft:raw_iron":30,"minecraft:stick":5,"minecraft:smooth_basalt":14,"born_in_chaos_v1:shattered_skull":1,"minecraft:torch":4,"born_in_chaos_v1:ethereal_spirit":1,"minecraft:gravel":1,"minecraft:porkchop":6,"minecraft:amethyst_shard":16,"minecraft:redstone":56,"minecraft:rotten_flesh":6,"minecraft:diamond":1,"minecraft:oak_sapling":19,"minecraft:black_wool":2,"minecraft:mutton":13,"minecraft:rail":94,"minecraft:white_wool":6,"minecraft:cobblestone":353},"minecraft:crafted":{"minecraft:wooden_sword":1,"minecraft:oak_planks":128,"minecraft:stone_shovel":1,"minecraft:crafting_table":3,"minecraft:wooden_pickaxe":1,"minecraft:cooked_chicken":6,"minecraft:furnace":2,"minecraft:stone_axe":1,"minecraft:cooked_mutton":7,"minecraft:air":0,"minecraft:charcoal":22,"minecraft:stick":36,"minecraft:iron_ingot":5,"minecraft:iron_pickaxe":1,"minecraft:stone_pickaxe":4,"minecraft:chest":1,"minecraft:white_bed":1,"minecraft:torch":80},"minecraft:killed":{"born_in_chaos_v1:spiritof_chaos":1,"minecraft:pig":5,"minecraft:salmon":4,"minecraft:spider":1,"born_in_chaos_v1:siamese_skeletonsright":1,"minecraft:creeper":1,"minecraft:sheep":9,"minecraft:skeleton":1,"minecraft:zombie":4,"minecraft:chicken":6,"minecraft:drowned":1,"born_in_chaos_v1:siamese_skeletonsleft":1},"minecraft:broken":{"minecraft:stone_pickaxe":4,"minecraft:wooden_sword":1},"minecraft:custom":{"minecraft:interact_with_furnace":20,"minecraft:mob_kills":35,"minecraft:interact_with_crafting_table":23,"minecraft:leave_game":6,"minecraft:time_since_death":54465,"minecraft:sleep_in_bed":2,"minecraft:time_since_rest":22721,"minecraft:sprint_one_cm":156531,"minecraft:damage_taken":740,"minecraft:walk_one_cm":161505,"minecraft:damage_dealt":3894,"minecraft:swim_one_cm":26808,"minecraft:fly_one_cm":88624,"minecraft:open_chest":5,"minecraft:crouch_one_cm":20233,"minecraft:play_time":68905,"minecraft:deaths":2,"minecraft:sneak_time":14865,"minecraft:walk_under_water_one_cm":7034,"minecraft:jump":709,"minecraft:walk_on_water_one_cm":11396,"minecraft:total_world_time":68905,"minecraft:fall_one_cm":11824},"minecraft:used":{"minecraft:cooked_mutton":3,"minecraft:stone_shovel":49,"minecraft:stone_pickaxe":524,"minecraft:chest":1,"minecraft:wooden_pickaxe":21,"minecraft:player_head":1,"minecraft:cooked_chicken":3,"minecraft:torch":9,"minecraft:dirt":2,"minecraft:crafting_table":4,"minecraft:white_bed":1,"minecraft:bread":2,"minecraft:iron_pickaxe":149,"minecraft:stone_axe":58,"minecraft:wooden_sword":102,"minecraft:cobblestone":13,"minecraft:oak_sapling":3,"minecraft:furnace":2,"minecraft:calcite":7},"minecraft:killed_by":{"minecraft:skeleton":1},"minecraft:mined":{"minecraft:deepslate_redstone_ore":14,"minecraft:large_amethyst_bud":1,"minecraft:deepslate_diamond_ore":1,"minecraft:amethyst_cluster":4,"minecraft:torch":3,"minecraft:crafting_table":1,"minecraft:budding_amethyst":2,"minecraft:calcite":25,"minecraft:grass_block":8,"born_in_chaos_v1:black_argillite":8,"minecraft:copper_ore":13,"minecraft:cobblestone":2,"minecraft:deepslate_gold_ore":38,"minecraft:sugar_cane":6,"minecraft:wall_torch":1,"minecraft:amethyst_block":7,"minecraft:birch_log":6,"minecraft:iron_ore":4,"minecraft:deepslate_lapis_ore":6,"minecraft:grass":2,"minecraft:rail":96,"minecraft:deepslate_iron_ore":26,"minecraft:oak_log":54,"minecraft:small_amethyst_bud":1,"minecraft:gravel":2,"minecraft:dirt":68,"minecraft:smooth_basalt":14,"minecraft:stone":353,"minecraft:player_head":1,"minecraft:oak_leaves":11,"minecraft:deepslate":64}},"DataVersion":3465}