{"stats":{"minecraft:used":{"minecraft:wooden_sword":20,"immersive_paintings:painting":1,"minecraft:crafting_table":2,"minecraft:bread":2,"minecraft:shield":1},"minecraft:killed_by":{"born_in_chaos_v1:zombie_bruiser":1},"minecraft:picked_up":{"born_in_chaos_v1:fused_bone":2,"minecraft:stick":8,"minecraft:crafting_table":1,"minecraft:bone":1,"minecraft:leather":1,"minecraft:yellow_dye":1,"minecraft:dandelion":1,"minecraft:beef":1,"minecraft:oak_log":3,"minecraft:sugar_cane":9,"minecraft:dirt":4},"minecraft:crafted":{"minecraft:oak_planks":8,"immersive_paintings:painting":1,"minecraft:paper":9,"minecraft:yellow_dye":1,"minecraft:crafting_table":1,"minecraft:stick":8},"minecraft:killed":{"minecraft:cow":1},"minecraft:mined":{"minecraft:grass_block":4,"minecraft:oak_log":3,"minecraft:sugar_cane":4,"minecraft:dandelion":1,"minecraft:crafting_table":1},"minecraft:custom":{"minecraft:time_since_rest":1041,"minecraft:deaths":1,"minecraft:play_time":8523,"minecraft:sprint_one_cm":46031,"minecraft:damage_taken":540,"minecraft:walk_one_cm":18827,"minecraft:damage_blocked_by_shield":10,"minecraft:walk_under_water_one_cm":1706,"minecraft:mob_kills":1,"minecraft:jump":164,"minecraft:damage_dealt":611,"minecraft:leave_game":2,"minecraft:time_since_death":947,"minecraft:walk_on_water_one_cm":4593,"minecraft:total_world_time":8523,"minecraft:swim_one_cm":13695,"minecraft:interact_with_crafting_table":2,"minecraft:fall_one_cm":6345,"minecraft:fly_one_cm":43446}},"DataVersion":3465}