{"stats":{"minecraft:custom":{"minecraft:jump":7,"minecraft:time_since_rest":570,"minecraft:leave_game":1,"minecraft:deaths":1,"minecraft:damage_dealt":180,"minecraft:sprint_one_cm":696,"minecraft:damage_taken":270,"minecraft:play_time":1247,"minecraft:time_since_death":539,"minecraft:walk_one_cm":4091,"minecraft:total_world_time":1247,"minecraft:fall_one_cm":484,"minecraft:fly_one_cm":350},"minecraft:picked_up":{"minecraft:oak_log":1},"minecraft:mined":{"minecraft:oak_log":1},"minecraft:killed_by":{"minecraft:skeleton":1},"minecraft:used":{"minecraft:oak_log":1,"minecraft:wooden_sword":4}},"DataVersion":3465}